<?xml version="1.0" encoding="UTF-8"?>
<article id="spring-3-0-publish-rss-feed">
	<category>Software Development</category>
	<title>Publish an RSS Feed with Spring 3.0</title>
	<author>Willie Wheeler</author>
	<publishDate>2008-11-25</publishDate>
	<description>Use Spring 3.0's new AbstractRssFeedView class to publish an RSS feed.</description>
	<keywords>spring,spring framework, spring 3.0,spring 3,spring framework 3.0,rss,rome,rss feed,publish rss feed,abstractrssview,abstractrssfeedview</keywords>
	<thumbUrl>http://wheelersoftware.s3.amazonaws.com/articles/spring-3-0-publish-rss-feed/blueflower-thumb2.jpg</thumbUrl>
	<photoUrl>http://wheelersoftware.s3.amazonaws.com/articles/spring-3-0-publish-rss-feed/flowers.jpg</photoUrl>
	<photoCredit>Keven Law</photoCredit>
	<photoCreditUrl>http://www.flickr.com/photos/66164549@N00/2617287745/</photoCreditUrl>
</article>
