<?xml version="1.0" encoding="UTF-8"?>
<article id="recaptcha-java">
	<category>Software Development</category>
	<title>How to reCAPTCHA Your Java Application</title>
	<author>Willie Wheeler</author>
	<publishDate>2008-03-13</publishDate>
	<description>reCAPTCHA is a novel CAPTCHA service that helps digitize books. Learn how to add reCAPTCHA to your Java app.</description>
	<keywords>recaptcha,captcha,java,spring,validator,commons validator,spring mvc,form,ocr,optical character recognition,carnegie mellon university,cmu</keywords>
	<thumbUrl>http://wheelersoftware.s3.amazonaws.com/articles/recaptcha-java/key-thumb2.jpg</thumbUrl>
	<photoUrl>http://wheelersoftware.s3.amazonaws.com/articles/recaptcha-java/key.jpg</photoUrl>
	<photoCredit>Mzelle Biscotte</photoCredit>
	<photoCreditUrl>http://www.flickr.com/photos/biscotte/354159039/</photoCreditUrl>
</article>
