<?xml version="1.0" encoding="UTF-8"?>
<article id="spring-security-hash-salt-passwords">
	<category>Software Development</category>
	<title>Hashing and Salting Passwords with Spring Security 2</title>
	<author>Willie Wheeler</author>
	<publishDate>2008-10-11</publishDate>
	<description>Use Spring Security 2 to store your user passwords securely.</description>
	<keywords>spring,security,spring security,java,java security,hash,hashes,salt,crypto,storing passwords securely,md4,md5,sha-1,encryption.login,authentication</keywords>
	<thumbUrl>http://wheelersoftware.s3.amazonaws.com/articles/spring-security-hash-salt-passwords/ladybug-thumb2.jpg</thumbUrl>
	<photoUrl>http://wheelersoftware.s3.amazonaws.com/articles/spring-security-hash-salt-passwords/ladybug.jpg</photoUrl>
	<photoCredit>xamad</photoCredit>
	<photoCreditUrl>http://www.flickr.com/photos/xamad/2385253219/</photoCreditUrl>
</article>
